Link,Name
https://www.youtube.com/watch?v=dAGSItRYzgE,Andrew Wiggins
https://www.youtube.com/watch?v=oBeViBdgB-c,Andrew Wiggins
https://www.youtube.com/watch?v=TS_eC7qy95I,Andrew Wiggins
https://www.youtube.com/watch?v=31WvwUpqiZk,Andrew Wiggins
https://www.youtube.com/watch?v=5I_aqReINGc,Andrew Wiggins
https://www.youtube.com/watch?v=EkCwn7gysaY,Andrew Wiggins
https://www.youtube.com/watch?v=iNtL5JqP-wo,Andrew Wiggins
https://www.youtube.com/watch?v=0EB-wE-uFso,Andrew Wiggins
https://www.youtube.com/watch?v=dY1jj2iN3_M,Andrew Wiggins
https://www.youtube.com/watch?v=Ev5Ku7Wcucg,Andrew Wiggins
https://www.youtube.com/watch?v=S9GwetNAbXY,Andrew Wiggins
https://www.youtube.com/watch?v=jEvyYpygmo4,Andrew Wiggins
https://www.youtube.com/watch?v=Rxi-DvuBGHo,Andrew Wiggins
https://www.youtube.com/watch?v=I_sWYQmMeMk,Andrew Wiggins
https://www.youtube.com/watch?v=q5F1VBcH1WU,Andrew Wiggins
https://www.youtube.com/watch?v=g9s6GqJWRwY,Andrew Wiggins
https://www.youtube.com/watch?v=B3jQju19NPM,Andrew Wiggins
https://www.youtube.com/watch?v=QJd2iC1svCs,Andrew Wiggins
https://www.youtube.com/watch?v=yt0zWMpdhCU,Andrew Wiggins
https://www.youtube.com/watch?v=y6G2WR_sMDU,Andrew Wiggins
https://www.youtube.com/watch?v=oBSw0xWt7-M,Andrew Wiggins
https://www.youtube.com/watch?v=dQsem-Os4vA,Andrew Wiggins
https://www.youtube.com/watch?v=zHFT7HuPslQ,Andrew Wiggins
https://www.youtube.com/watch?v=tjkhK2pKTZs,Andrew Wiggins
https://www.youtube.com/watch?v=9Bwprz4xsMg,Andrew Wiggins
https://www.youtube.com/watch?v=ex_HsPHOZu0,Andrew Wiggins
https://www.youtube.com/watch?v=guYzjTFZkgQ,Andrew Wiggins
https://www.youtube.com/watch?v=n6LvAOIJLgM,Andrew Wiggins
https://www.youtube.com/watch?v=OLq1MVovpxM,Andrew Wiggins
https://www.youtube.com/watch?v=divtVvfadI4,Andrew Wiggins
https://www.youtube.com/watch?v=C_Pkz19wdkc,Andrew Wiggins
https://www.youtube.com/watch?v=XwwjQDQHL48,Andrew Wiggins
https://www.youtube.com/watch?v=9WX8Wh5B8hI,Andrew Wiggins
https://www.youtube.com/watch?v=eaz2GKQMKlI,Andrew Wiggins
https://www.youtube.com/watch?v=8I_eMO2DFvc,Andrew Wiggins
https://www.youtube.com/watch?v=nNAHhCxKx_Y,Andrew Wiggins
https://www.youtube.com/watch?v=FnLH0k3t77M,Andrew Wiggins
https://www.youtube.com/watch?v=iDaBnmF85tg,Andrew Wiggins
https://www.youtube.com/watch?v=YLcGTQFxD0I,Andrew Wiggins
https://www.youtube.com/watch?v=gt0dnkiN4ok,Andrew Wiggins
https://www.youtube.com/watch?v=JsQlRszK4gI,Anthony Davis
https://www.youtube.com/watch?v=0V-LkxOu658,Anthony Davis
https://www.youtube.com/watch?v=EUV2GWPb28g,Anthony Davis
https://www.youtube.com/watch?v=wZIfxdyCymU,Anthony Davis
https://www.youtube.com/watch?v=HuRGEREF95E,Anthony Davis
https://www.youtube.com/watch?v=CgaSAkmGUVA,Anthony Davis
https://www.youtube.com/watch?v=TkdCGa2YThs,Anthony Davis
https://www.youtube.com/watch?v=8QfFZ1VwBGM,Anthony Davis
https://www.youtube.com/watch?v=27Y7e6Wr-DM,Anthony Davis
https://www.youtube.com/watch?v=IYL-_BKIwgo,Anthony Davis
https://www.youtube.com/watch?v=f6OMvJv_p8M,Anthony Davis
https://www.youtube.com/watch?v=kxmCeBkhPZE,Anthony Davis
https://www.youtube.com/watch?v=MTJardVxljs,Anthony Davis
https://www.youtube.com/watch?v=n18YY-AQG-E,Anthony Davis
https://www.youtube.com/watch?v=THcCn0UCOlA,Anthony Davis
https://www.youtube.com/watch?v=KcpCV0wbCys,Anthony Davis
https://www.youtube.com/watch?v=fI5pahD70SM,Anthony Davis
https://www.youtube.com/watch?v=rkdTaD36Dfc,Anthony Davis
https://www.youtube.com/watch?v=Pqpx2Uj9dKc,Anthony Davis
https://www.youtube.com/watch?v=GoQFp7gAVFY,Anthony Davis
https://www.youtube.com/watch?v=Jj79Uj7rzLM,Anthony Davis
https://www.youtube.com/watch?v=NjELtHUfKUg,Anthony Davis
https://www.youtube.com/watch?v=aWLDNVgc0e0,Anthony Davis
https://www.youtube.com/watch?v=cURuSUEP9jw,Anthony Davis
https://www.youtube.com/watch?v=VSQdAyNee50,Anthony Davis
https://www.youtube.com/watch?v=CUZdMjmQ4_k,Anthony Davis
https://www.youtube.com/watch?v=-lOcbhbOTdQ,Anthony Davis
https://www.youtube.com/watch?v=BVdnXEFaCo8,Anthony Davis
https://www.youtube.com/watch?v=Uz6xeVLwaxw,Anthony Davis
https://www.youtube.com/watch?v=g8Ou-R3UPdc,Anthony Davis
https://www.youtube.com/watch?v=cYGZRN2ppRY,Anthony Davis
https://www.youtube.com/watch?v=tQpX8wubmM0,Anthony Davis
https://www.youtube.com/watch?v=6iBxRLFClvM,Anthony Davis
https://www.youtube.com/watch?v=ff4v9_4D_-w,Anthony Davis
https://www.youtube.com/watch?v=YYrdDa8DpnQ,Anthony Davis
https://www.youtube.com/watch?v=qVhFB-iaf5A,Anthony Davis
https://www.youtube.com/watch?v=OK7Calq8fFo,Anthony Davis
https://www.youtube.com/watch?v=XY8rNHFy03k,Anthony Davis
https://www.youtube.com/watch?v=6-9u965FAF0,Anthony Davis
https://www.youtube.com/watch?v=fduBEYw9Jbw,Anthony Davis
https://www.youtube.com/watch?v=5yQ4KJDQUC0,Anthony Davis
https://www.youtube.com/watch?v=bikjxv_ChEc,Anthony Davis
https://www.youtube.com/watch?v=A_TeY3i-jXo,Anthony Davis
https://www.youtube.com/watch?v=NEmrMOpU4Xs,Anthony Davis
https://www.youtube.com/watch?v=B--3uzk-aJY,Anthony Davis
https://www.youtube.com/watch?v=UVPpFufCgBI,Anthony Davis
https://www.youtube.com/watch?v=ld_pudJZO4Q,Anthony Davis
https://www.youtube.com/watch?v=3f20rKWlEpQ,Anthony Davis
https://www.youtube.com/watch?v=50cREuJQRXc,Anthony Davis
https://www.youtube.com/watch?v=BNxtQrGHrtI,Anthony Davis
https://www.youtube.com/watch?v=mgHxioJC5Ss,Anthony Davis
https://www.youtube.com/watch?v=5ug8WHKgYNM,Anthony Davis
https://www.youtube.com/watch?v=a0OngmcKpCE,Anthony Davis
https://www.youtube.com/watch?v=bLj6Qh6sZK8,Anthony Davis
https://www.youtube.com/watch?v=Xw6utRKiXz0,Anthony Davis
https://www.youtube.com/watch?v=LRSpqJYfNv4,Anthony Davis
https://www.youtube.com/watch?v=tRAyvihX95I,Anthony Davis
https://www.youtube.com/watch?v=-svExCXHYUQ,Anthony Davis
https://www.youtube.com/watch?v=_5qv7sZ_K6U,Anthony Davis
https://www.youtube.com/watch?v=pd3WHSzrQG0,Anthony Davis
https://www.youtube.com/watch?v=awTZiLiRZ20,Anthony Davis
https://www.youtube.com/watch?v=g3BxtBkENqU,Anthony Davis
https://www.youtube.com/watch?v=6wHy4VU-p8w,Anthony Davis
https://www.youtube.com/watch?v=GA4035vr3F4,Anthony Davis
https://www.youtube.com/watch?v=66ro1N-Xu1k,Anthony Davis
https://www.youtube.com/watch?v=ZzwZh9JOIHE,Anthony Davis
https://www.youtube.com/watch?v=d3hAsra21tM,Anthony Davis
https://www.youtube.com/watch?v=fI9y85Mwf-g,Anthony Davis
https://www.youtube.com/watch?v=GBQow-E9RjI,Anthony Davis
https://www.youtube.com/watch?v=zkthgC56yEU,Anthony Davis
https://www.youtube.com/watch?v=nBzq33e9iJI,Anthony Davis
https://www.youtube.com/watch?v=td9CsZ2abUs,Anthony Davis
https://www.youtube.com/watch?v=YiUxUSxdWdw,Anthony Davis
https://www.youtube.com/watch?v=_wcSBwttv54,Anthony Davis
https://www.youtube.com/watch?v=zgCQJwCHGGs,Chris Paul
https://www.youtube.com/watch?v=V-pLBs2p3ow,Chris Paul
https://www.youtube.com/watch?v=TN9c0GN9ZVA,Chris Paul
https://www.youtube.com/watch?v=bwV2ecRL8Ss,Chris Paul
https://www.youtube.com/watch?v=GnQKytbU7P4,Chris Paul
https://www.youtube.com/watch?v=mhIn8L2IWiQ,Chris Paul
https://www.youtube.com/watch?v=kGjLZxMh_GE,Chris Paul
https://www.youtube.com/watch?v=qBq99lZX86Y,Chris Paul
https://www.youtube.com/watch?v=SKHyGhaJ4aE,Chris Paul
https://www.youtube.com/watch?v=DoiiAKaNFMw,Chris Paul
https://www.youtube.com/watch?v=Zjs6fahos-8,Chris Paul
https://www.youtube.com/watch?v=kEqp0Qayk20,Chris Paul
https://www.youtube.com/watch?v=6jtjxuerprI,Chris Paul
https://www.youtube.com/watch?v=saOjmRdgc34,Chris Paul
https://www.youtube.com/watch?v=cPtdOI9eo5E,Chris Paul
https://www.youtube.com/watch?v=3Mwd9Mt7RT0,Chris Paul
https://www.youtube.com/watch?v=6zG_rFaqpD8,Chris Paul
https://www.youtube.com/watch?v=UuMJ5V5m7OM,Chris Paul
https://www.youtube.com/watch?v=eS8xZj5IP64,Chris Paul
https://www.youtube.com/watch?v=EbFAbUpRedI,Chris Paul
https://www.youtube.com/watch?v=U2HgSmM3BXk,Chris Paul
https://www.youtube.com/watch?v=Ws8H7LRtmvs,Chris Paul
https://www.youtube.com/watch?v=XF9Rhk1wSkI,Chris Paul
https://www.youtube.com/watch?v=UIQWbQiLl1A,Chris Paul
https://www.youtube.com/watch?v=Ax5YsrTV9pA,Chris Paul
https://www.youtube.com/watch?v=e0EYUsJCIr0,Chris Paul
https://www.youtube.com/watch?v=pky5Tv19Nsk,Chris Paul
https://www.youtube.com/watch?v=vbajRzr5Ro8,Chris Paul
https://www.youtube.com/watch?v=2Sqk-oFsNdg,Chris Paul
https://www.youtube.com/watch?v=b2SzJg__sJc,Chris Paul
https://www.youtube.com/watch?v=AuhcF25wdH8,Chris Paul
https://www.youtube.com/watch?v=SwKNrdwAQbs,Chris Paul
https://www.youtube.com/watch?v=o3opm4UoiPE,Chris Paul
https://www.youtube.com/watch?v=zQGKI-FAq4U,Chris Paul
https://www.youtube.com/watch?v=yIm9eVaCXQ8,Chris Paul
https://www.youtube.com/watch?v=aTTwrchJoW4,Chris Paul
https://www.youtube.com/watch?v=hSvBZtKvizs,Chris Paul
https://www.youtube.com/watch?v=WubA1UFXVH0,Chris Paul
https://www.youtube.com/watch?v=UjMs2-66TLg,Chris Paul
https://www.youtube.com/watch?v=zap8AvHqjUU,Chris Paul
https://www.youtube.com/watch?v=MGPdWnoIUxY,Chris Paul
https://www.youtube.com/watch?v=zH3p0Up8LRQ,Chris Paul
https://www.youtube.com/watch?v=T0Zl5Qu3rU4,Chris Paul
https://www.youtube.com/watch?v=hJvHtkmg944,Chris Paul
https://www.youtube.com/watch?v=1pXoPZNDVFQ,Chris Paul
https://www.youtube.com/watch?v=WG_KI6E2nhg,Chris Paul
https://www.youtube.com/watch?v=vbbGjMshlwM,Chris Paul
https://www.youtube.com/watch?v=OFFDLmeo-g8,Chris Paul
https://www.youtube.com/watch?v=rvu6mHdU3as,Chris Paul
https://www.youtube.com/watch?v=C2byvhTlf2o,Chris Paul
https://www.youtube.com/watch?v=-KSSWABoClA,Chris Paul
https://www.youtube.com/watch?v=a5kBHTdy6aY,Chris Paul
https://www.youtube.com/watch?v=ORjkDAwcJ5U,Chris Paul
https://www.youtube.com/watch?v=v5Y5HPqymZ0,Chris Paul
https://www.youtube.com/watch?v=njYmIYOjrOc,Chris Paul
https://www.youtube.com/watch?v=h7MjLxrI1Ig,Chris Paul
https://www.youtube.com/watch?v=Ufqz_s_zO0c,Chris Paul
https://www.youtube.com/watch?v=-qfdEVTZ2YY,Chris Paul
https://www.youtube.com/watch?v=H2EgS3KX-js,Devin Booker
https://www.youtube.com/watch?v=cSJmsxBT8EQ,Devin Booker
https://www.youtube.com/watch?v=iivM4WmvZK4,Devin Booker
https://www.youtube.com/watch?v=V9aYPAwtvjo,Devin Booker
https://www.youtube.com/watch?v=EXTg6862b_o,Devin Booker
https://www.youtube.com/watch?v=L2YCakleZMQ,Devin Booker
https://www.youtube.com/watch?v=etNpT74Z2hU,Devin Booker
https://www.youtube.com/watch?v=K184naE7yPM,Devin Booker
https://www.youtube.com/watch?v=HuF8OKPXe5M,Devin Booker
https://www.youtube.com/watch?v=EVSQwEnY1Ms,Devin Booker
https://www.youtube.com/watch?v=7TBJeu2mggY,Devin Booker
https://www.youtube.com/watch?v=RPpbd5xz34w,Devin Booker
https://www.youtube.com/watch?v=HcOaZaAb6hs,Devin Booker
https://www.youtube.com/watch?v=i9EVUuz4xoM,Devin Booker
https://www.youtube.com/watch?v=bASN501u3qI,Devin Booker
https://www.youtube.com/watch?v=G1FFxNBihBQ,Devin Booker
https://www.youtube.com/watch?v=MJzd2hT3U14,Devin Booker
https://www.youtube.com/watch?v=0VB2x1umYhM,Devin Booker
https://www.youtube.com/watch?v=4x8YQKIiQO8,Devin Booker
https://www.youtube.com/watch?v=MV22_eiJxq8,Devin Booker
https://www.youtube.com/watch?v=XyFRMxSToro,Devin Booker
https://www.youtube.com/watch?v=1Ve0-J2aE6U,Devin Booker
https://www.youtube.com/watch?v=BNcUrLga0Q0,Devin Booker
https://www.youtube.com/watch?v=eFZjKfX3KYQ,Devin Booker
https://www.youtube.com/watch?v=DsyOP3T0UZY,Devin Booker
https://www.youtube.com/watch?v=ffNtrQAHf1A,Devin Booker
https://www.youtube.com/watch?v=3_3CRuqRoZk,Devin Booker
https://www.youtube.com/watch?v=L_lkocIWW7U,Devin Booker
https://www.youtube.com/watch?v=WSziT_RvdcU,Devin Booker
https://www.youtube.com/watch?v=T7k8Ctg0pTo,Devin Booker
https://www.youtube.com/watch?v=Bp0AqPg3wrU,Devin Booker
https://www.youtube.com/watch?v=FIbv2Medv-Y,Devin Booker
https://www.youtube.com/watch?v=qOcoHoZ5zOA,Devin Booker
https://www.youtube.com/watch?v=RI4P23kyo9o,Devin Booker
https://www.youtube.com/watch?v=3-4KELM4Okg,Devin Booker
https://www.youtube.com/watch?v=IKIhSXellGk,Devin Booker
https://www.youtube.com/watch?v=E6qQ1V-zMzk,Devin Booker
https://www.youtube.com/watch?v=RiDj8EfdwfE,Devin Booker
https://www.youtube.com/watch?v=9R2GU971g_4,Devin Booker
https://www.youtube.com/watch?v=by8UgyRV7OM,Devin Booker
https://www.youtube.com/watch?v=lkAvHEtlFNU,Devin Booker
https://www.youtube.com/watch?v=ePG9KTldscE,Devin Booker
https://www.youtube.com/watch?v=ZqUbscoa9Oc,Devin Booker
https://www.youtube.com/watch?v=7v_3jsRDIbs,Devin Booker
https://www.youtube.com/watch?v=jHI2wCVYFqc,Devin Booker
https://www.youtube.com/watch?v=PfW0lD_mM0Q,Devin Booker
https://www.youtube.com/watch?v=IPrpXeR4ofU,Devin Booker
https://www.youtube.com/watch?v=5vILdu6HN8Y,Devin Booker
https://www.youtube.com/watch?v=bct2YoKdS8c,Devin Booker
https://www.youtube.com/watch?v=G6OEwqSfLso,Devin Booker
https://www.youtube.com/watch?v=Tesu0NcPdqE,Devin Booker
https://www.youtube.com/watch?v=ASy0NFRciDo,Devin Booker
https://www.youtube.com/watch?v=tlR2YT2-B4o,Devin Booker
https://www.youtube.com/watch?v=osytkuMXLp4,Devin Booker
https://www.youtube.com/watch?v=n0VQrzdouz8,Devin Booker
https://www.youtube.com/watch?v=Lz0tp_3KUaY,Devin Booker
https://www.youtube.com/watch?v=DDG6qAKS_54,Devin Booker
https://www.youtube.com/watch?v=6X0G7S88vgA,Devin Booker
https://www.youtube.com/watch?v=AmKhtiwvZUs,Devin Booker
https://www.youtube.com/watch?v=0aywzySiM0Y,Devin Booker
https://www.youtube.com/watch?v=8drIR2C6aEM,Devin Booker
https://www.youtube.com/watch?v=VO09qBxcOkw,Devin Booker
https://www.youtube.com/watch?v=Kmf7duE5XJo,Devin Booker
https://www.youtube.com/watch?v=xAlt4ah9iz0,Devin Booker
https://www.youtube.com/watch?v=GrnZD7qrH7g,Devin Booker
https://www.youtube.com/watch?v=rtvq3Npc_XM,Devin Booker
https://www.youtube.com/watch?v=TgTxIONQLlg,Draymond Green
https://www.youtube.com/watch?v=AsAgm0fJVbs,Draymond Green
https://www.youtube.com/watch?v=HspM8YWemyY,Draymond Green
https://www.youtube.com/watch?v=mxAlJXh36fs,Draymond Green
https://www.youtube.com/watch?v=oDnH7hEnmaA,Draymond Green
https://www.youtube.com/watch?v=raZ0Tu4Cw_c,Draymond Green
https://www.youtube.com/watch?v=fvcO7mVzCK4,Draymond Green
https://www.youtube.com/watch?v=8D5ikpo81yk,Draymond Green
https://www.youtube.com/watch?v=VKO018P00vs,Draymond Green
https://www.youtube.com/watch?v=LCKfxHOFL3M,Draymond Green
https://www.youtube.com/watch?v=WtIJP0iE6YQ,Draymond Green
https://www.youtube.com/watch?v=H_zBOuxWRnI,Draymond Green
https://www.youtube.com/watch?v=D9dam550ya0,Draymond Green
https://www.youtube.com/watch?v=d0Vt7PXnfP8,Draymond Green
https://www.youtube.com/watch?v=RJHnXAQBcYg,Draymond Green
https://www.youtube.com/watch?v=7vVsdsXKPhg,Draymond Green
https://www.youtube.com/watch?v=irRC1TozMDc,Draymond Green
https://www.youtube.com/watch?v=n-y_Bi5xQOA,Draymond Green
https://www.youtube.com/watch?v=2kKyrISL-FU,Draymond Green
https://www.youtube.com/watch?v=kMmwQfXPKZk,Draymond Green
https://www.youtube.com/watch?v=86c6pP2-AnA,Draymond Green
https://www.youtube.com/watch?v=cIffu78wLjs,Draymond Green
https://www.youtube.com/watch?v=NniUolo0Jlk,Draymond Green
https://www.youtube.com/watch?v=1q1Vj6U2JkU,Draymond Green
https://www.youtube.com/watch?v=voU-ZC4qJoo,Draymond Green
https://www.youtube.com/watch?v=4YrsAD-Od6Y,Draymond Green
https://www.youtube.com/watch?v=ucc34HIPQT8,Draymond Green
https://www.youtube.com/watch?v=1-tJ1sd4iAs,Draymond Green
https://www.youtube.com/watch?v=qnMa6m9y9Rs,Draymond Green
https://www.youtube.com/watch?v=bckESIkbK-s,Draymond Green
https://www.youtube.com/watch?v=tTPJvLUKyf0,Draymond Green
https://www.youtube.com/watch?v=dJrqKhv9Ai4,Draymond Green
https://www.youtube.com/watch?v=nU5o5XWavHA,Draymond Green
https://www.youtube.com/watch?v=IvR6jHXMwvs,Draymond Green
https://www.youtube.com/watch?v=4aAvVB10L44,Draymond Green
https://www.youtube.com/watch?v=HpbSMyAFTrk,Draymond Green
https://www.youtube.com/watch?v=s6Me5XsJwZI,Draymond Green
https://www.youtube.com/watch?v=c85K7fg1gII,Draymond Green
https://www.youtube.com/watch?v=NjCJkEnpy64,Draymond Green
https://www.youtube.com/watch?v=ARz7Y0AMi10,Draymond Green
https://www.youtube.com/watch?v=ri70E-A8GBY,Draymond Green
https://www.youtube.com/watch?v=sAgo81kI1ao,Draymond Green
https://www.youtube.com/watch?v=TmlKcqATGmk,Draymond Green
https://www.youtube.com/watch?v=5aG05lBNXjY,Draymond Green
https://www.youtube.com/watch?v=I5GwwAssxfQ,Draymond Green
https://www.youtube.com/watch?v=ogYXf36oqi0,Draymond Green
https://www.youtube.com/watch?v=XLBI4Xst98A,Draymond Green
https://www.youtube.com/watch?v=enXJ57gh0jo,Draymond Green
https://www.youtube.com/watch?v=mJhc0RWBNko,Ivica Zubac
https://www.youtube.com/watch?v=IW5psLhzrGA,Ivica Zubac
https://www.youtube.com/watch?v=_-JN4azU_ng,Ivica Zubac
https://www.youtube.com/watch?v=ZZNqn1tOru4,Ivica Zubac
https://www.youtube.com/watch?v=UjyWEAsWSl8,Ivica Zubac
https://www.youtube.com/watch?v=Bp5ZNdnonv4,Ivica Zubac
https://www.youtube.com/watch?v=J-niB7sPiwc,Ivica Zubac
https://www.youtube.com/watch?v=MDPH7BjeHZ4,Ivica Zubac
https://www.youtube.com/watch?v=nEuOpHWkBiE,Ivica Zubac
https://www.youtube.com/watch?v=kwLV6_BvOks,Ivica Zubac
https://www.youtube.com/watch?v=GUiKp1fOLCo,Ivica Zubac
https://www.youtube.com/watch?v=l9suS4xMz5w,Ivica Zubac
https://www.youtube.com/watch?v=8ADQf757UTw,Ivica Zubac
https://www.youtube.com/watch?v=qz2erSOxTxk,Ivica Zubac
https://www.youtube.com/watch?v=eiiG8olc8h0,Ivica Zubac
https://www.youtube.com/watch?v=dHSu5_TrgkU,Ivica Zubac
https://www.youtube.com/watch?v=ojgodUFK05c,Ivica Zubac
https://www.youtube.com/watch?v=7gevTUG4FfQ,Ivica Zubac
https://www.youtube.com/watch?v=GgfAfSTNkKQ,Ivica Zubac
https://www.youtube.com/watch?v=PlOVnYxHO4c,Ivica Zubac
https://www.youtube.com/watch?v=Nl_9maACn1Q,Ivica Zubac
https://www.youtube.com/watch?v=6XNxaoFSsNg,Ivica Zubac
https://www.youtube.com/watch?v=u1yYzWDlXTU,Ivica Zubac
https://www.youtube.com/watch?v=lBqAGKmCLmw,Ivica Zubac
https://www.youtube.com/watch?v=Rfti0NNCnH0,Ivica Zubac
https://www.youtube.com/watch?v=bcz-tWvPaVA,Ivica Zubac
https://www.youtube.com/watch?v=uoctH2r-Wz4,Ivica Zubac
https://www.youtube.com/watch?v=zqvXPCgSd7o,Ivica Zubac
https://www.youtube.com/watch?v=Dr-BygQa3kc,Ivica Zubac
https://www.youtube.com/watch?v=00j5BesaPRM,Ivica Zubac
https://www.youtube.com/watch?v=JaxzcAgukFA,Ivica Zubac
https://www.youtube.com/watch?v=ZmyrcfZRK48,Ivica Zubac
https://www.youtube.com/watch?v=YQ-YqPIlxuw,Ivica Zubac
https://www.youtube.com/watch?v=umBzSo0wLtM,Ivica Zubac
https://www.youtube.com/watch?v=u-SbZQHDwwQ,Ivica Zubac
https://www.youtube.com/watch?v=XeXcyBDhpIw,Ivica Zubac
https://www.youtube.com/watch?v=lDbGfclZLvQ,Ivica Zubac
https://www.youtube.com/watch?v=5DMyFvHVcMU,Ivica Zubac
https://www.youtube.com/watch?v=b70owyBs3UU,Ivica Zubac
https://www.youtube.com/watch?v=jj0g0L6o2aM,Ivica Zubac
https://www.youtube.com/watch?v=Q4QpPnaI7f0,Ivica Zubac
https://www.youtube.com/watch?v=_OpkUmZBx98,Ivica Zubac
https://www.youtube.com/watch?v=dNvrU6KXuto,Ivica Zubac
https://www.youtube.com/watch?v=m3pK7DD0qvY,Ivica Zubac
https://www.youtube.com/watch?v=lad3hC5M7Bo,Ivica Zubac
https://www.youtube.com/watch?v=xlLIjUY_FGA,James Harden
https://www.youtube.com/watch?v=n1ctZBdXiY4,James Harden
https://www.youtube.com/watch?v=qsSh3Iy9-EQ,James Harden
https://www.youtube.com/watch?v=IdDbPqYffe4,James Harden
https://www.youtube.com/watch?v=upzJY-3VW5A,James Harden
https://www.youtube.com/watch?v=Raz83KbtJTU,James Harden
https://www.youtube.com/watch?v=MBRnUKz3bus,James Harden
https://www.youtube.com/watch?v=Z47MS5bzJ_Y,James Harden
https://www.youtube.com/watch?v=68s1Kk4uxcQ,James Harden
https://www.youtube.com/watch?v=lwEYPbCp81o,James Harden
https://www.youtube.com/watch?v=5xmpEAbEMoo,James Harden
https://www.youtube.com/watch?v=cNgCCxtADzw,James Harden
https://www.youtube.com/watch?v=XBn4nmRKnqU,James Harden
https://www.youtube.com/watch?v=UVxxWhzdFz0,James Harden
https://www.youtube.com/watch?v=t7hmQWYJyzU,James Harden
https://www.youtube.com/watch?v=W3MV_pFb1S0,James Harden
https://www.youtube.com/watch?v=hWWv3gPawMw,James Harden
https://www.youtube.com/watch?v=LNkTwaUQsd0,James Harden
https://www.youtube.com/watch?v=CGYj-xKJa4E,James Harden
https://www.youtube.com/watch?v=WAW-fR2eml4,James Harden
https://www.youtube.com/watch?v=oKr-4QZPKik,James Harden
https://www.youtube.com/watch?v=ddbiqhmAOO8,James Harden
https://www.youtube.com/watch?v=OQYHcLWo0Mk,James Harden
https://www.youtube.com/watch?v=ky9q7BIG3rU,James Harden
https://www.youtube.com/watch?v=sJSAjBVuL9w,James Harden
https://www.youtube.com/watch?v=rSt3MwEAZ2g,James Harden
https://www.youtube.com/watch?v=GhJNaTMqAqg,James Harden
https://www.youtube.com/watch?v=qnShIBTsqpM,James Harden
https://www.youtube.com/watch?v=qRt0ajO4cRQ,James Harden
https://www.youtube.com/watch?v=LWzcsx10UXo,James Harden
https://www.youtube.com/watch?v=DNiBo_0cOuI,James Harden
https://www.youtube.com/watch?v=5aIalZt_L1U,James Harden
https://www.youtube.com/watch?v=9bXnS6i8G_A,James Harden
https://www.youtube.com/watch?v=hgEzyXnIpLU,James Harden
https://www.youtube.com/watch?v=bJYDq-2Ahf0,James Harden
https://www.youtube.com/watch?v=a4ADEOTs51U,James Harden
https://www.youtube.com/watch?v=3NnE3-v-Q3U,James Harden
https://www.youtube.com/watch?v=Js46nkL7qiE,James Harden
https://www.youtube.com/watch?v=aXdLqRqIxKk,James Harden
https://www.youtube.com/watch?v=j547d7qqJsA,James Harden
https://www.youtube.com/watch?v=YF-gejdTuo4,James Harden
https://www.youtube.com/watch?v=DCDizmxElLM,James Harden
https://www.youtube.com/watch?v=dLbEphNOPxg,James Harden
https://www.youtube.com/watch?v=2v5MQrE4s-U,James Harden
https://www.youtube.com/watch?v=YWnGrlgwcQ0,James Harden
https://www.youtube.com/watch?v=OgMXnB2kUO4,James Harden
https://www.youtube.com/watch?v=zP4Z--RSQ8c,James Harden
https://www.youtube.com/watch?v=iCbcjFo6yDQ,James Harden
https://www.youtube.com/watch?v=2z6dpaA90Sc,James Harden
https://www.youtube.com/watch?v=FZAyHSAbHSQ,James Harden
https://www.youtube.com/watch?v=1qM21BOp5lg,James Harden
https://www.youtube.com/watch?v=7u75pmB9dfM,James Harden
https://www.youtube.com/watch?v=WPKxgU_Lvf4,James Harden
https://www.youtube.com/watch?v=DH8_4ah3zk0,James Harden
https://www.youtube.com/watch?v=WqixIs0KPRs,James Harden
https://www.youtube.com/watch?v=OEJmmxM61N0,James Harden
https://www.youtube.com/watch?v=ZOWzhQKFln8,James Harden
https://www.youtube.com/watch?v=E2ucto0Zsbs,James Harden
https://www.youtube.com/watch?v=-SQoPWJMi8g,James Harden
https://www.youtube.com/watch?v=6UXKCFeLMHA,James Harden
https://www.youtube.com/watch?v=l8hUQbgocf8,James Harden
https://www.youtube.com/watch?v=Tx474owyYwY,James Harden
https://www.youtube.com/watch?v=V0UaHEZu7Xg,James Harden
https://www.youtube.com/watch?v=Gs0x1XK3QUA,James Harden
https://www.youtube.com/watch?v=Hofo9_6JqG8,James Harden
https://www.youtube.com/watch?v=gnZ3MmhBMQ0,James Harden
https://www.youtube.com/watch?v=J_UoMB3KLHQ,James Harden
https://www.youtube.com/watch?v=Cm1iJBw3z_c,James Harden
https://www.youtube.com/watch?v=OlnnuLm7Ip4,James Harden
https://www.youtube.com/watch?v=-XFewm4ERCk,James Harden
https://www.youtube.com/watch?v=fpVZfwiVvYU,James Harden
https://www.youtube.com/watch?v=GybM92irLT4,James Harden
https://www.youtube.com/watch?v=3i00usdacxI,James Harden
https://www.youtube.com/watch?v=BeoxgHPKA2I,James Harden
https://www.youtube.com/watch?v=Z1WLdsD9EMc,James Harden
https://www.youtube.com/watch?v=5BgWK4dWn9g,James Harden
https://www.youtube.com/watch?v=B6BlrUnsTlk,James Harden
https://www.youtube.com/watch?v=PdxAoczTy5w,Jordan Poole
https://www.youtube.com/watch?v=1ZnTAUTvzYU,Jordan Poole
https://www.youtube.com/watch?v=qnlhE5qqGgU,Jordan Poole
https://www.youtube.com/watch?v=hCXURnD3zPA,Jordan Poole
https://www.youtube.com/watch?v=sI8B6xVNMd4,Jordan Poole
https://www.youtube.com/watch?v=uKMxANUBKbo,Jordan Poole
https://www.youtube.com/watch?v=TXcAItiPYEc,Jordan Poole
https://www.youtube.com/watch?v=Mdu_uiEq0KU,Jordan Poole
https://www.youtube.com/watch?v=J7-2J0a0Azs,Jordan Poole
https://www.youtube.com/watch?v=j8-9BdLbV-Q,Jordan Poole
https://www.youtube.com/watch?v=6Pfe5KUDZj8,Jordan Poole
https://www.youtube.com/watch?v=12JHEizzjVA,Jordan Poole
https://www.youtube.com/watch?v=YNCpKQ8rDQc,Jordan Poole
https://www.youtube.com/watch?v=RLvDT1hhNRY,Jordan Poole
https://www.youtube.com/watch?v=o0WRPseNnr4,Jordan Poole
https://www.youtube.com/watch?v=UyJ7owBIAks,Jordan Poole
https://www.youtube.com/watch?v=I_Nh8cPvTTY,Jordan Poole
https://www.youtube.com/watch?v=0MehScMgFF0,Jordan Poole
https://www.youtube.com/watch?v=ZP9Y2hxU1N4,Jordan Poole
https://www.youtube.com/watch?v=nbODJb-IXD8,Jordan Poole
https://www.youtube.com/watch?v=bpPWjaXKdW8,Jordan Poole
https://www.youtube.com/watch?v=rUwn5PFiBRs,Jordan Poole
https://www.youtube.com/watch?v=7CkTExVVw04,Jordan Poole
https://www.youtube.com/watch?v=G1R2BQj2G6k,Jordan Poole
https://www.youtube.com/watch?v=QuIMZM7Oj4o,Jordan Poole
https://www.youtube.com/watch?v=vCVYxPejarU,Jordan Poole
https://www.youtube.com/watch?v=4sZElq2lg84,Jordan Poole
https://www.youtube.com/watch?v=zijZ9T4DPrc,Jordan Poole
https://www.youtube.com/watch?v=WHoSoSBwZR8,Jordan Poole
https://www.youtube.com/watch?v=PL3h-GkQiP4,Jordan Poole
https://www.youtube.com/watch?v=EbKpgzLxxuM,Jordan Poole
https://www.youtube.com/watch?v=rclXv_ngEeU,Jordan Poole
https://www.youtube.com/watch?v=XByaXtbnx4E,Jordan Poole
https://www.youtube.com/watch?v=MlZ4AtvYH9g,Jordan Poole
https://www.youtube.com/watch?v=n_NKBjyGOWs,Jordan Poole
https://www.youtube.com/watch?v=CHLcHab9Vec,Jordan Poole
https://www.youtube.com/watch?v=wkfz72G7qbY,Jordan Poole
https://www.youtube.com/watch?v=Td2oJ61lT8A,Jordan Poole
https://www.youtube.com/watch?v=9K1okORtgRE,Jordan Poole
https://www.youtube.com/watch?v=U09IIRc0PPY,Jordan Poole
https://www.youtube.com/watch?v=FiSTkDe7pdo,Jordan Poole
https://www.youtube.com/watch?v=Tj-whBWAwBk,Jordan Poole
https://www.youtube.com/watch?v=rDjQNNuu3E8,Jordan Poole
https://www.youtube.com/watch?v=Fh5Bf-nyFdU,Jordan Poole
https://www.youtube.com/watch?v=hJZQfoshT2A,Jordan Poole
https://www.youtube.com/watch?v=3N81G1ORXYA,Jordan Poole
https://www.youtube.com/watch?v=f0qdjTse_qQ,Jordan Poole
https://www.youtube.com/watch?v=lURAoTUFlZ0,Jordan Poole
https://www.youtube.com/watch?v=gBGZ9NBkM9Y,Kawhi Leonard
https://www.youtube.com/watch?v=F3iuCNd1Lyg,Kawhi Leonard
https://www.youtube.com/watch?v=pe0IC1ewilg,Kawhi Leonard
https://www.youtube.com/watch?v=sGrH6TuXHsI,Kawhi Leonard
https://www.youtube.com/watch?v=gt9VPlMNiGg,Kawhi Leonard
https://www.youtube.com/watch?v=6WY_PeQNJAQ,Kawhi Leonard
https://www.youtube.com/watch?v=PRZvi1M62zQ,Kawhi Leonard
https://www.youtube.com/watch?v=17Jum3yuD6M,Kawhi Leonard
https://www.youtube.com/watch?v=KgYy14h1V3I,Kawhi Leonard
https://www.youtube.com/watch?v=ZEVOpfjrTT0,Kawhi Leonard
https://www.youtube.com/watch?v=SCmIR10A5ps,Kawhi Leonard
https://www.youtube.com/watch?v=_PI_-omHFeI,Kawhi Leonard
https://www.youtube.com/watch?v=9fKV3EwQ93w,Kawhi Leonard
https://www.youtube.com/watch?v=q2f6_wJy8AE,Kawhi Leonard
https://www.youtube.com/watch?v=ac5QRt-RVEc,Kawhi Leonard
https://www.youtube.com/watch?v=Ig_i2iEWRBI,Kawhi Leonard
https://www.youtube.com/watch?v=rEGVMNU-6eo,Kawhi Leonard
https://www.youtube.com/watch?v=FriDi32WifY,Kawhi Leonard
https://www.youtube.com/watch?v=bybtkZD6KMA,Kawhi Leonard
https://www.youtube.com/watch?v=aTapUBV0nXA,Kawhi Leonard
https://www.youtube.com/watch?v=GtltnzLSZJA,Kawhi Leonard
https://www.youtube.com/watch?v=nFReg69dklU,Kawhi Leonard
https://www.youtube.com/watch?v=EVULVCi4CTc,Kawhi Leonard
https://www.youtube.com/watch?v=ji5inVnQIvI,Kawhi Leonard
https://www.youtube.com/watch?v=RlSE2gCvRXo,Kawhi Leonard
https://www.youtube.com/watch?v=QGK1mUZ2lbE,Kawhi Leonard
https://www.youtube.com/watch?v=--FFWuJ25sg,Kawhi Leonard
https://www.youtube.com/watch?v=2tyN7_jbPEA,Kawhi Leonard
https://www.youtube.com/watch?v=t9c-2EMEHII,Kawhi Leonard
https://www.youtube.com/watch?v=-weia1coyFY,Kawhi Leonard
https://www.youtube.com/watch?v=gg9_6x6tkTA,Kawhi Leonard
https://www.youtube.com/watch?v=yHCf4W0Q0rQ,Kawhi Leonard
https://www.youtube.com/watch?v=V0Q0RffN0EU,Kawhi Leonard
https://www.youtube.com/watch?v=uDQNdwqPKTE,Kawhi Leonard
https://www.youtube.com/watch?v=YbwcSROMx2A,Kawhi Leonard
https://www.youtube.com/watch?v=MX2NF6MVTFE,Kawhi Leonard
https://www.youtube.com/watch?v=v2PHIjCo6Ac,Kawhi Leonard
https://www.youtube.com/watch?v=Iw39i-f9qsk,Kawhi Leonard
https://www.youtube.com/watch?v=5D9Q3lCsVEE,Kawhi Leonard
https://www.youtube.com/watch?v=4g2K4f-lwpY,Kawhi Leonard
https://www.youtube.com/watch?v=v4S9y7SiKzs,Kawhi Leonard
https://www.youtube.com/watch?v=VDgF5dGtkTA,Kawhi Leonard
https://www.youtube.com/watch?v=uUQaSQoW-5U,Kawhi Leonard
https://www.youtube.com/watch?v=KHK6V4Gv2Zc,Kawhi Leonard
https://www.youtube.com/watch?v=Cnpun-Q8mGo,Kawhi Leonard
https://www.youtube.com/watch?v=5mQqn7Eq6jY,Kawhi Leonard
https://www.youtube.com/watch?v=ksAYmV3xz94,Kawhi Leonard
https://www.youtube.com/watch?v=E3d-G4v20Mw,Kawhi Leonard
https://www.youtube.com/watch?v=9UYyAUYqddE,Kawhi Leonard
https://www.youtube.com/watch?v=hPjnWRYT1mo,Kawhi Leonard
https://www.youtube.com/watch?v=nmXaEs-yJRs,Kawhi Leonard
https://www.youtube.com/watch?v=NdCKID4cK5s,Kawhi Leonard
https://www.youtube.com/watch?v=2pw-CDG-n8Y,Kawhi Leonard
https://www.youtube.com/watch?v=xR2s-bP84rY,Kawhi Leonard
https://www.youtube.com/watch?v=-Qk7tnlyc04,Kawhi Leonard
https://www.youtube.com/watch?v=a8qO8fozcHo,Kawhi Leonard
https://www.youtube.com/watch?v=GLJ7WGLkpPw,Kawhi Leonard
https://www.youtube.com/watch?v=AWTQ77-TS5E,Kevin Durant
https://www.youtube.com/watch?v=YknKsMulZlk,Kevin Durant
https://www.youtube.com/watch?v=HnGj2NWAhQg,Kevin Durant
https://www.youtube.com/watch?v=UgaR9KPXCMg,Kevin Durant
https://www.youtube.com/watch?v=x0t8SQip9oI,Kevin Durant
https://www.youtube.com/watch?v=AuHBf5_4Cdc,Kevin Durant
https://www.youtube.com/watch?v=IzM9pRYvUH8,Kevin Durant
https://www.youtube.com/watch?v=L_L8W91AGtE,Kevin Durant
https://www.youtube.com/watch?v=-gu9iusycHU,Kevin Durant
https://www.youtube.com/watch?v=W_9PTJlt5JM,Kevin Durant
https://www.youtube.com/watch?v=8sItmMQK--8,Kevin Durant
https://www.youtube.com/watch?v=Dms8U9XFMP4,Kevin Durant
https://www.youtube.com/watch?v=UR5iUyZt1Q4,Kevin Durant
https://www.youtube.com/watch?v=MvbiIfWG8x4,Kevin Durant
https://www.youtube.com/watch?v=wnapNy0dKsA,Kevin Durant
https://www.youtube.com/watch?v=Xm4X_iTRqm0,Kevin Durant
https://www.youtube.com/watch?v=T_g72oV_m28,Kevin Durant
https://www.youtube.com/watch?v=wlEBpJRe9IU,Kevin Durant
https://www.youtube.com/watch?v=-RAYX3bN11U,Kevin Durant
https://www.youtube.com/watch?v=A7IkJorh42M,Kevin Durant
https://www.youtube.com/watch?v=50sZu6E8Gh0,Kevin Durant
https://www.youtube.com/watch?v=bAF0jv9l94Q,Kevin Durant
https://www.youtube.com/watch?v=av2Vv-fOLYc,Kevin Durant
https://www.youtube.com/watch?v=eIFn2_Dabz0,Kevin Durant
https://www.youtube.com/watch?v=jgdvcxzLTwU,Kevin Durant
https://www.youtube.com/watch?v=bzLucXS5lSg,Kevin Durant
https://www.youtube.com/watch?v=q62lDKjhC1M,Kevin Durant
https://www.youtube.com/watch?v=k_ib9q9YBtA,Kevin Durant
https://www.youtube.com/watch?v=-lQ-D8Xc3lA,Kevin Durant
https://www.youtube.com/watch?v=Mvhmul2-dkg,Kevin Durant
https://www.youtube.com/watch?v=SpSWlgYWom4,Kevin Durant
https://www.youtube.com/watch?v=vRN_Ct58LSA,Kevin Durant
https://www.youtube.com/watch?v=t6dl6Ol3AFE,Kevin Durant
https://www.youtube.com/watch?v=LvRmpI798-8,Kevin Durant
https://www.youtube.com/watch?v=AMoKtpFPVTM,Kevin Durant
https://www.youtube.com/watch?v=EC0mRVMsiVk,Kevin Durant
https://www.youtube.com/watch?v=rqOdUO-WKQc,Kevin Durant
https://www.youtube.com/watch?v=jkTF_kaq5Z0,Kevin Durant
https://www.youtube.com/watch?v=MepdwtKHjLU,Kevin Durant
https://www.youtube.com/watch?v=T23UZd0JrdA,Kevin Durant
https://www.youtube.com/watch?v=D6S7bpwQXrE,Kevin Durant
https://www.youtube.com/watch?v=D-TORMYdVsQ,Kevin Durant
https://www.youtube.com/watch?v=owG-zYQA7HU,Kevin Durant
https://www.youtube.com/watch?v=yY5UojtX7WE,Kevin Durant
https://www.youtube.com/watch?v=OttvHhS6lIo,Kevin Durant
https://www.youtube.com/watch?v=u1cqjQS-CrQ,Kevin Durant
https://www.youtube.com/watch?v=NFZBlgoS-dk,Kevin Durant
https://www.youtube.com/watch?v=zm-xxPWkS0w,Kevin Durant
https://www.youtube.com/watch?v=CvqxKMUyyCY,Kevin Durant
https://www.youtube.com/watch?v=n4MhI5ztOwc,Kevin Durant
https://www.youtube.com/watch?v=c0oO6T45MGQ,Kevin Durant
https://www.youtube.com/watch?v=cotpNuJiJtk,Kevin Durant
https://www.youtube.com/watch?v=GKv2JKKANr0,Kevin Durant
https://www.youtube.com/watch?v=dcNUhPTbnww,Kevin Durant
https://www.youtube.com/watch?v=D_wmWoYk1WE,Kevin Durant
https://www.youtube.com/watch?v=NAAHOr67diM,Kevin Durant
https://www.youtube.com/watch?v=X7XsMm5gw5o,Kevin Durant
https://www.youtube.com/watch?v=r9jJYmgHULs,Kevin Durant
https://www.youtube.com/watch?v=ups6tLx37Kc,Kevin Durant
https://www.youtube.com/watch?v=P-ZnnLalkdY,Kevin Durant
https://www.youtube.com/watch?v=iV1b2JX-L5E,Kevin Durant
https://www.youtube.com/watch?v=Y5091hcMu9A,Kevin Durant
https://www.youtube.com/watch?v=Ug1QwwRt4dI,Kevin Durant
https://www.youtube.com/watch?v=UhCxlQGipX0,Kevin Durant
https://www.youtube.com/watch?v=5_MW4rOeaY8,Kevin Durant
https://www.youtube.com/watch?v=hOQeZk13wkc,Kevin Durant
https://www.youtube.com/watch?v=MDnW-vh2FIw,Kevin Durant
https://www.youtube.com/watch?v=bEej3l0kl7A,Kevin Durant
https://www.youtube.com/watch?v=PT10OrxmWa4,Kevin Durant
https://www.youtube.com/watch?v=053dndWy1TM,Kevin Durant
https://www.youtube.com/watch?v=uSQKdOSCclU,Kevin Durant
https://www.youtube.com/watch?v=prG3iR7z0nk,Kevin Durant
https://www.youtube.com/watch?v=ITxbMt0LH3Q,Kevin Durant
https://www.youtube.com/watch?v=hoHEJHixiEY,Kevin Durant
https://www.youtube.com/watch?v=3caUu61YdG4,Kevin Durant
https://www.youtube.com/watch?v=37NzRgrT2ik,Kevin Durant
https://www.youtube.com/watch?v=4tRHNMK4PCM,Kevin Durant
https://www.youtube.com/watch?v=9Clf8qFGV6E,Kevin Durant
https://www.youtube.com/watch?v=oUZKOp_9-s8,Kevin Durant
https://www.youtube.com/watch?v=YRsMqPcbN_I,Kevin Durant
https://www.youtube.com/watch?v=ZR7wd8IQ48s,Kevin Durant
https://www.youtube.com/watch?v=JQD0YNLYFko,Kevin Durant
https://www.youtube.com/watch?v=9HP-mUqm9S0,Kevin Durant
https://www.youtube.com/watch?v=J8LBnPDIG4g,Kevin Durant
https://www.youtube.com/watch?v=vpJdZjIvZqo,Kevin Durant
https://www.youtube.com/watch?v=WIYgQUHCweM,Kevin Durant
https://www.youtube.com/watch?v=YUqjn_L_yq8,Kevin Durant
https://www.youtube.com/watch?v=1lvCJr9SNuI,Kevin Durant
https://www.youtube.com/watch?v=Ns6kRF6J56k,Kevin Durant
https://www.youtube.com/watch?v=P6OY4repsmo,Kevin Durant
https://www.youtube.com/watch?v=4vjoHt_po6A,Kevin Durant
https://www.youtube.com/watch?v=0ESAMEYrkAc,Kevin Durant
https://www.youtube.com/watch?v=P41OaNd3rqs,Kevin Durant
https://www.youtube.com/watch?v=AK8ymFEFb5s,Kevin Durant
https://www.youtube.com/watch?v=Lwh-y9PJi_s,Kevin Durant
https://www.youtube.com/watch?v=YBLxOAx1hOQ,Kevin Durant
https://www.youtube.com/watch?v=SLH8JtCE7k0,Kevin Durant
https://www.youtube.com/watch?v=gFqe5Dj6l7I,Klay Thompson
https://www.youtube.com/watch?v=jtaWPIiDxiQ,Klay Thompson
https://www.youtube.com/watch?v=sjg2t5v5lwc,Klay Thompson
https://www.youtube.com/watch?v=ke7RAMrALYE,Klay Thompson
https://www.youtube.com/watch?v=Ig38v1Hgj6Y,Klay Thompson
https://www.youtube.com/watch?v=DNjGT3rn5h8,Klay Thompson
https://www.youtube.com/watch?v=YCk5y4pXFKM,Klay Thompson
https://www.youtube.com/watch?v=e1WZtOvZnpQ,Klay Thompson
https://www.youtube.com/watch?v=ZW-qOECa_54,Klay Thompson
https://www.youtube.com/watch?v=hAl63QdyGV4,Klay Thompson
https://www.youtube.com/watch?v=g79ur-ntTzQ,Klay Thompson
https://www.youtube.com/watch?v=-lONurf4JpA,Klay Thompson
https://www.youtube.com/watch?v=fHp5gJqILVI,Klay Thompson
https://www.youtube.com/watch?v=WmgZ5JKENuw,Klay Thompson
https://www.youtube.com/watch?v=kVbt4WEx8SY,Klay Thompson
https://www.youtube.com/watch?v=A91AmrkDTjc,Klay Thompson
https://www.youtube.com/watch?v=ffTMYDT-x-c,Klay Thompson
https://www.youtube.com/watch?v=ooTyKC3fLR4,Klay Thompson
https://www.youtube.com/watch?v=x72TjwmY-IA,Klay Thompson
https://www.youtube.com/watch?v=gm6agY9R5xs,Klay Thompson
https://www.youtube.com/watch?v=oIuqq_3u39A,Klay Thompson
https://www.youtube.com/watch?v=hk9dDLiBgy8,Klay Thompson
https://www.youtube.com/watch?v=aixquycBX1E,Klay Thompson
https://www.youtube.com/watch?v=5PhdgEMILiw,Klay Thompson
https://www.youtube.com/watch?v=mz1l4c3ccpQ,Klay Thompson
https://www.youtube.com/watch?v=2jMjkGssUWQ,Klay Thompson
https://www.youtube.com/watch?v=P7NADHZsS1M,Klay Thompson
https://www.youtube.com/watch?v=cnxu4_U1wM8,Klay Thompson
https://www.youtube.com/watch?v=sGBlxWhpc0M,Klay Thompson
https://www.youtube.com/watch?v=xJ-FFX0pBgQ,Klay Thompson
https://www.youtube.com/watch?v=5UlkI_Bb0v4,Klay Thompson
https://www.youtube.com/watch?v=rC389NTug9c,Klay Thompson
https://www.youtube.com/watch?v=Psr0GrNOTzU,Klay Thompson
https://www.youtube.com/watch?v=bOy1XUabPXc,Klay Thompson
https://www.youtube.com/watch?v=3OshI-gVROo,Klay Thompson
https://www.youtube.com/watch?v=wTzdgGyqXO0,Klay Thompson
https://www.youtube.com/watch?v=lcodXDddxJA,Klay Thompson
https://www.youtube.com/watch?v=yJ4PzW4WCT8,Klay Thompson
https://www.youtube.com/watch?v=QbjWEMcJaR4,Klay Thompson
https://www.youtube.com/watch?v=9qdcnSDOI1Y,Klay Thompson
https://www.youtube.com/watch?v=luBCt_mvXtM,Klay Thompson
https://www.youtube.com/watch?v=PCyeOS0FsjM,Klay Thompson
https://www.youtube.com/watch?v=SOQuNF_ekEw,Klay Thompson
https://www.youtube.com/watch?v=2trO5MmTVvg,Klay Thompson
https://www.youtube.com/watch?v=-Padb9cp0jI,Klay Thompson
https://www.youtube.com/watch?v=ZnqvlK_ErEk,Kyrie Irving
https://www.youtube.com/watch?v=yVd7zt78e1w,Kyrie Irving
https://www.youtube.com/watch?v=4PrkuPIcnfg,Kyrie Irving
https://www.youtube.com/watch?v=Bkku-keuZgQ,Kyrie Irving
https://www.youtube.com/watch?v=Fki8lZQD6Ro,Kyrie Irving
https://www.youtube.com/watch?v=DgvHPBP53zM,Kyrie Irving
https://www.youtube.com/watch?v=Isx0cy-vx6M,Kyrie Irving
https://www.youtube.com/watch?v=3BBsBpuvNng,Kyrie Irving
https://www.youtube.com/watch?v=bXV6dyd375g,Kyrie Irving
https://www.youtube.com/watch?v=HQ9ufHu_Mro,Kyrie Irving
https://www.youtube.com/watch?v=zqqLYuDflMM,Kyrie Irving
https://www.youtube.com/watch?v=G0kq7AayJbs,Kyrie Irving
https://www.youtube.com/watch?v=iNcalebLbho,Kyrie Irving
https://www.youtube.com/watch?v=qXYf_TkwOZs,Kyrie Irving
https://www.youtube.com/watch?v=uzNyeeGw-HA,Kyrie Irving
https://www.youtube.com/watch?v=fBQ7vpb-fyw,Kyrie Irving
https://www.youtube.com/watch?v=6KU6Qmk-sD4,Kyrie Irving
https://www.youtube.com/watch?v=Fz81PvmRHTU,Kyrie Irving
https://www.youtube.com/watch?v=7CD2IyDcPLY,Kyrie Irving
https://www.youtube.com/watch?v=uUwcaiaX8GY,Kyrie Irving
https://www.youtube.com/watch?v=rnJm7avsy6I,Kyrie Irving
https://www.youtube.com/watch?v=4RIsYtPFYM4,Kyrie Irving
https://www.youtube.com/watch?v=eAnEtBdG1xI,Kyrie Irving
https://www.youtube.com/watch?v=_51WqO06DB8,Kyrie Irving
https://www.youtube.com/watch?v=eMwV6yN70cU,Kyrie Irving
https://www.youtube.com/watch?v=GE6hJELUlI0,Kyrie Irving
https://www.youtube.com/watch?v=HM2N_WpM3uE,Kyrie Irving
https://www.youtube.com/watch?v=AdGnEw9ORGo,Kyrie Irving
https://www.youtube.com/watch?v=S0k-_3730OI,Kyrie Irving
https://www.youtube.com/watch?v=EW3vA7k34PU,Kyrie Irving
https://www.youtube.com/watch?v=6hC22hCIfrE,Kyrie Irving
https://www.youtube.com/watch?v=RzmnnaRza3c,Kyrie Irving
https://www.youtube.com/watch?v=WUInMQLdTDQ,Kyrie Irving
https://www.youtube.com/watch?v=enZIkRrEjfc,Kyrie Irving
https://www.youtube.com/watch?v=b1CT4-5S6zE,Kyrie Irving
https://www.youtube.com/watch?v=q_bchWAmIIE,Kyrie Irving
https://www.youtube.com/watch?v=UCpGY4gpYNo,Kyrie Irving
https://www.youtube.com/watch?v=Z468N6CoR6o,Kyrie Irving
https://www.youtube.com/watch?v=b1U_JW4RF0M,Kyrie Irving
https://www.youtube.com/watch?v=EqdkXnHtYLw,Kyrie Irving
https://www.youtube.com/watch?v=bcHlBlRwn-E,Kyrie Irving
https://www.youtube.com/watch?v=htBNJEmmKOI,Kyrie Irving
https://www.youtube.com/watch?v=BOvDQCt8f2c,Kyrie Irving
https://www.youtube.com/watch?v=rPIhQNl7Bv4,Kyrie Irving
https://www.youtube.com/watch?v=2lQ-pVVM81A,Kyrie Irving
https://www.youtube.com/watch?v=pQzH0Xrx2ak,Kyrie Irving
https://www.youtube.com/watch?v=I3s309v6kD8,Kyrie Irving
https://www.youtube.com/watch?v=D3OF_GrFdrQ,Kyrie Irving
https://www.youtube.com/watch?v=fvyAnLkHXGw,Kyrie Irving
https://www.youtube.com/watch?v=3bUQynbSmtA,Kyrie Irving
https://www.youtube.com/watch?v=Xx5Crw3EBso,Kyrie Irving
https://www.youtube.com/watch?v=4ou8G7dsMKc,Kyrie Irving
https://www.youtube.com/watch?v=0LhSVkqZXO4,Kyrie Irving
https://www.youtube.com/watch?v=V1rQuKtGAEY,Kyrie Irving
https://www.youtube.com/watch?v=4_tVn2_WFFo,Kyrie Irving
https://www.youtube.com/watch?v=u6Y6MWb9xIQ,Kyrie Irving
https://www.youtube.com/watch?v=T_exaFp3WDc,Kyrie Irving
https://www.youtube.com/watch?v=oP_AbDd0WRY,Kyrie Irving
https://www.youtube.com/watch?v=CpXn0uPybGY,Kyrie Irving
https://www.youtube.com/watch?v=LwUyErDUB0w,Kyrie Irving
https://www.youtube.com/watch?v=yjasGb7XyRc,Kyrie Irving
https://www.youtube.com/watch?v=MExgBMZH9Ww,Kyrie Irving
https://www.youtube.com/watch?v=Kd7RHVMavco,Kyrie Irving
https://www.youtube.com/watch?v=xUSUv4qCyzI,Kyrie Irving
https://www.youtube.com/watch?v=fP6ENONSAaA,Kyrie Irving
https://www.youtube.com/watch?v=-M8gxyFySNk,Kyrie Irving
https://www.youtube.com/watch?v=H3XoJfPm9mE,Kyrie Irving
https://www.youtube.com/watch?v=-6IHNwM1gxo,LeBron James
https://www.youtube.com/watch?v=KsSkODZLvtc,LeBron James
https://www.youtube.com/watch?v=ADw3UIjhcb0,LeBron James
https://www.youtube.com/watch?v=EsxDR9-2I5E,LeBron James
https://www.youtube.com/watch?v=B-vrf2A3cCg,LeBron James
https://www.youtube.com/watch?v=g-6kXkCsmBs,LeBron James
https://www.youtube.com/watch?v=J1ccuOzADUk,LeBron James
https://www.youtube.com/watch?v=nMwYXoID4F0,LeBron James
https://www.youtube.com/watch?v=uLiFwWz2bes,LeBron James
https://www.youtube.com/watch?v=vfJp4yxZ5_s,LeBron James
https://www.youtube.com/watch?v=mtnbneMLHc4,LeBron James
https://www.youtube.com/watch?v=fiU2VmMTnO8,LeBron James
https://www.youtube.com/watch?v=YGhzcXKUuOM,LeBron James
https://www.youtube.com/watch?v=pzGrrSlFH0Y,LeBron James
https://www.youtube.com/watch?v=YxLHkLy0EZw,LeBron James
https://www.youtube.com/watch?v=aY4F1INxdg4,LeBron James
https://www.youtube.com/watch?v=ixQMl5qV6Kc,LeBron James
https://www.youtube.com/watch?v=9cFMi-mXIxE,LeBron James
https://www.youtube.com/watch?v=UNtJm16CHkI,LeBron James
https://www.youtube.com/watch?v=7CypGReQkmw,LeBron James
https://www.youtube.com/watch?v=tdFvB1RnVFs,LeBron James
https://www.youtube.com/watch?v=kvf_5Y44Oos,LeBron James
https://www.youtube.com/watch?v=FzQFBL6ZeKw,LeBron James
https://www.youtube.com/watch?v=vO03J_KOln4,LeBron James
https://www.youtube.com/watch?v=sHmnO5rQ2HM,LeBron James
https://www.youtube.com/watch?v=2vhfXChbHmY,LeBron James
https://www.youtube.com/watch?v=9ZPtf4M2kXQ,LeBron James
https://www.youtube.com/watch?v=UiudrnqQwIg,LeBron James
https://www.youtube.com/watch?v=Sa0y2sNZXpA,LeBron James
https://www.youtube.com/watch?v=Bm4lHOcM3mM,LeBron James
https://www.youtube.com/watch?v=7Ry7UMhOvsY,LeBron James
https://www.youtube.com/watch?v=-Nlt6MDpImY,LeBron James
https://www.youtube.com/watch?v=7qCXBVTIkE8,LeBron James
https://www.youtube.com/watch?v=xt1vwNJYp_s,LeBron James
https://www.youtube.com/watch?v=mlJpWk5zAD8,LeBron James
https://www.youtube.com/watch?v=_SxWeK5ZreY,LeBron James
https://www.youtube.com/watch?v=DPVSJ5u5QnE,LeBron James
https://www.youtube.com/watch?v=tEyaGYlqloE,LeBron James
https://www.youtube.com/watch?v=saAH4jpY6qQ,LeBron James
https://www.youtube.com/watch?v=FYsM8dBFo0Y,LeBron James
https://www.youtube.com/watch?v=EcEk0o2SwPw,LeBron James
https://www.youtube.com/watch?v=ymu8a5iAL28,LeBron James
https://www.youtube.com/watch?v=fyICYTeOaHA,LeBron James
https://www.youtube.com/watch?v=6suobV5ar5k,LeBron James
https://www.youtube.com/watch?v=r-Yujnfsh2E,LeBron James
https://www.youtube.com/watch?v=qtXwqclCLEg,LeBron James
https://www.youtube.com/watch?v=JrRFW29aP2U,LeBron James
https://www.youtube.com/watch?v=S5olIvmxKak,LeBron James
https://www.youtube.com/watch?v=ooNfRQ4N5wU,LeBron James
https://www.youtube.com/watch?v=g-ZrlRjSWew,LeBron James
https://www.youtube.com/watch?v=ZqXTX-SXvOU,LeBron James
https://www.youtube.com/watch?v=yejoBR1fS6I,LeBron James
https://www.youtube.com/watch?v=NM59rfOFTbQ,LeBron James
https://www.youtube.com/watch?v=TJNNxJYEd7A,LeBron James
https://www.youtube.com/watch?v=OlK_a6P48ug,LeBron James
https://www.youtube.com/watch?v=5-Jb-syKZbo,LeBron James
https://www.youtube.com/watch?v=Kug5HisbVjU,LeBron James
https://www.youtube.com/watch?v=2IFXsZAVLSQ,LeBron James
https://www.youtube.com/watch?v=t3t59WFL1YI,LeBron James
https://www.youtube.com/watch?v=WdehhZLXq3A,LeBron James
https://www.youtube.com/watch?v=728X00sg8cA,LeBron James
https://www.youtube.com/watch?v=t17GASg4hjM,LeBron James
https://www.youtube.com/watch?v=Ps_NHyP-ybs,LeBron James
https://www.youtube.com/watch?v=fNIrzxKQk3Y,LeBron James
https://www.youtube.com/watch?v=1cXG-IR4-C8,LeBron James
https://www.youtube.com/watch?v=GWqKlwEoiYE,LeBron James
https://www.youtube.com/watch?v=SQjZeid4lCI,LeBron James
https://www.youtube.com/watch?v=VAyraN8lmjA,LeBron James
https://www.youtube.com/watch?v=jKd1wxDXT6o,LeBron James
https://www.youtube.com/watch?v=yQJngqbuZRw,LeBron James
https://www.youtube.com/watch?v=RRBl04VJq80,LeBron James
https://www.youtube.com/watch?v=aq1i38u6Ah4,LeBron James
https://www.youtube.com/watch?v=77wio1pd2Vg,LeBron James
https://www.youtube.com/watch?v=u0HyQk8PNnk,LeBron James
https://www.youtube.com/watch?v=MWGCeV7TvJg,LeBron James
https://www.youtube.com/watch?v=gURQdUgfFsA,LeBron James
https://www.youtube.com/watch?v=Y3lXNZtlNYc,LeBron James
https://www.youtube.com/watch?v=feVeYmaGIyU,LeBron James
https://www.youtube.com/watch?v=XQp9DdZ85Cs,LeBron James
https://www.youtube.com/watch?v=BTrqvOtGYmI,LeBron James
https://www.youtube.com/watch?v=c6Aq5d_wxF4,LeBron James
https://www.youtube.com/watch?v=FX9BMA476_E,LeBron James
https://www.youtube.com/watch?v=Pabd0omxy8w,LeBron James
https://www.youtube.com/watch?v=43PjCcpgWS0,LeBron James
https://www.youtube.com/watch?v=3Bpc6rGpVXU,LeBron James
https://www.youtube.com/watch?v=b7PqsfT_mrg,LeBron James
https://www.youtube.com/watch?v=2yJcloRhrxo,LeBron James
https://www.youtube.com/watch?v=C4Rs7eRbdfY,LeBron James
https://www.youtube.com/watch?v=eXKCo-uZF2k,LeBron James
https://www.youtube.com/watch?v=cjtQvuJ6ltc,LeBron James
https://www.youtube.com/watch?v=Jy3dYlPA2HM,LeBron James
https://www.youtube.com/watch?v=jhnTpVUb4cc,LeBron James
https://www.youtube.com/watch?v=MMBs59rNlz0,LeBron James
https://www.youtube.com/watch?v=aiGhIMiqtz0,LeBron James
https://www.youtube.com/watch?v=yJM97Km3H80,LeBron James
https://www.youtube.com/watch?v=4B7aQwB6d6Q,LeBron James
https://www.youtube.com/watch?v=jjf11mCskSI,LeBron James
https://www.youtube.com/watch?v=cgVr7p3vLC0,Mikal Bridges
https://www.youtube.com/watch?v=NqjzSNgVfMk,Mikal Bridges
https://www.youtube.com/watch?v=mitxxCx5yNo,Mikal Bridges
https://www.youtube.com/watch?v=XzH_0qnmPgI,Mikal Bridges
https://www.youtube.com/watch?v=M9x4mhdvIKg,Mikal Bridges
https://www.youtube.com/watch?v=OO0__QOjlAY,Mikal Bridges
https://www.youtube.com/watch?v=KVwZoMo4I0M,Mikal Bridges
https://www.youtube.com/watch?v=AEa-v469puU,Mikal Bridges
https://www.youtube.com/watch?v=zR99Mg0yZ_I,Mikal Bridges
https://www.youtube.com/watch?v=lt_HDyLmJrY,Mikal Bridges
https://www.youtube.com/watch?v=1XmjHQhZ_yc,Mikal Bridges
https://www.youtube.com/watch?v=fPUVH1m0ZbM,Mikal Bridges
https://www.youtube.com/watch?v=dAaSP1YhA7M,Mikal Bridges
https://www.youtube.com/watch?v=KwQy19frUrg,Mikal Bridges
https://www.youtube.com/watch?v=Rb-soT89LEM,Mikal Bridges
https://www.youtube.com/watch?v=MzGgefHjXZA,Mikal Bridges
https://www.youtube.com/watch?v=SfLEAIBH4H0,Mikal Bridges
https://www.youtube.com/watch?v=DIAVNNDeRl0,Mikal Bridges
https://www.youtube.com/watch?v=jDxjACmOsZM,Mikal Bridges
https://www.youtube.com/watch?v=hLzNG3wN9tw,Mikal Bridges
https://www.youtube.com/watch?v=fEDRd3z9A3w,Mikal Bridges
https://www.youtube.com/watch?v=Hl2-p_g3hwY,Mikal Bridges
https://www.youtube.com/watch?v=S47M_ZAA3Mg,Mikal Bridges
https://www.youtube.com/watch?v=jAs0FcNO0N0,Mikal Bridges
https://www.youtube.com/watch?v=9dV5W51xEzE,Mikal Bridges
https://www.youtube.com/watch?v=JjgCgB8tCWs,Mikal Bridges
https://www.youtube.com/watch?v=-kROonsa0nw,Mikal Bridges
https://www.youtube.com/watch?v=WsC1QgIQJWQ,Mikal Bridges
https://www.youtube.com/watch?v=Pfgxhl26D_I,Mikal Bridges
https://www.youtube.com/watch?v=cLm4siNZ5hg,Mikal Bridges
https://www.youtube.com/watch?v=r3vxFi5imh0,Mikal Bridges
https://www.youtube.com/watch?v=G5AQttGccPA,Mikal Bridges
https://www.youtube.com/watch?v=ET6AeesbTmE,Mikal Bridges
https://www.youtube.com/watch?v=AArAUOiucQQ,Mikal Bridges
https://www.youtube.com/watch?v=MekDh6ZbObc,Mikal Bridges
https://www.youtube.com/watch?v=1Eb6xpl9AgA,Mikal Bridges
https://www.youtube.com/watch?v=wDPYiFIijjw,Mikal Bridges
https://www.youtube.com/watch?v=7JvINGTIxaU,Mikal Bridges
https://www.youtube.com/watch?v=eS8_ixIlqI8,Mikal Bridges
https://www.youtube.com/watch?v=F2NcWofL9tw,Mikal Bridges
https://www.youtube.com/watch?v=75MztnTlqcg,Paul George
https://www.youtube.com/watch?v=LEmiUjP2MPk,Paul George
https://www.youtube.com/watch?v=CGdPvq-mN0Q,Paul George
https://www.youtube.com/watch?v=iKFUOtUm3VQ,Paul George
https://www.youtube.com/watch?v=RYXp4fc0K1Y,Paul George
https://www.youtube.com/watch?v=ZE0pVbyAqL8,Paul George
https://www.youtube.com/watch?v=mGJLkBPAncg,Paul George
https://www.youtube.com/watch?v=dkYM5ApPhLA,Paul George
https://www.youtube.com/watch?v=q8sMFnJxUNg,Paul George
https://www.youtube.com/watch?v=xOj-qRByrys,Paul George
https://www.youtube.com/watch?v=wVEl2jAak0o,Paul George
https://www.youtube.com/watch?v=Epx7iedAYIM,Paul George
https://www.youtube.com/watch?v=cPq8bm4dsNg,Paul George
https://www.youtube.com/watch?v=71hFuJJxZoM,Paul George
https://www.youtube.com/watch?v=MExa_9ToqJ4,Paul George
https://www.youtube.com/watch?v=5fG_7MZfMqM,Paul George
https://www.youtube.com/watch?v=n9WFsao8ffw,Paul George
https://www.youtube.com/watch?v=9QhMVflmDdA,Paul George
https://www.youtube.com/watch?v=RdY8g-nl09k,Paul George
https://www.youtube.com/watch?v=wwq2QieoU0E,Paul George
https://www.youtube.com/watch?v=5gD5KWsP-6U,Paul George
https://www.youtube.com/watch?v=MMNJiHCcFaI,Paul George
https://www.youtube.com/watch?v=ZiKELcjwYWQ,Paul George
https://www.youtube.com/watch?v=EIZRaG5qbmw,Paul George
https://www.youtube.com/watch?v=RYbfEK0GuAU,Paul George
https://www.youtube.com/watch?v=RgymeyDTYJQ,Paul George
https://www.youtube.com/watch?v=fvJDeccrmLA,Paul George
https://www.youtube.com/watch?v=7ipKZskPzLI,Paul George
https://www.youtube.com/watch?v=q5Cx9Y4oqFo,Paul George
https://www.youtube.com/watch?v=MdBTG7GWHQA,Paul George
https://www.youtube.com/watch?v=mhqi2LmaqeU,Paul George
https://www.youtube.com/watch?v=AxZ0J374bHk,Paul George
https://www.youtube.com/watch?v=ae0wUxBDohQ,Paul George
https://www.youtube.com/watch?v=YZPTXwo_F94,Paul George
https://www.youtube.com/watch?v=BExgJwk7FS4,Paul George
https://www.youtube.com/watch?v=BDBS0c7TvtE,Paul George
https://www.youtube.com/watch?v=mLlyX9sOHCs,Paul George
https://www.youtube.com/watch?v=uKMpggav33k,Paul George
https://www.youtube.com/watch?v=qt_FmZCDLc4,Paul George
https://www.youtube.com/watch?v=VhqAzEnf0mU,Paul George
https://www.youtube.com/watch?v=CtsiiKTt4FI,Paul George
https://www.youtube.com/watch?v=b1vyLqLAVJQ,Paul George
https://www.youtube.com/watch?v=fGak1vSonI0,Paul George
https://www.youtube.com/watch?v=Ux1olkvDtRs,Paul George
https://www.youtube.com/watch?v=t-yP_XuhA5I,Paul George
https://www.youtube.com/watch?v=7gYWGgry_g0,Paul George
https://www.youtube.com/watch?v=DiBf5BnupuE,Paul George
https://www.youtube.com/watch?v=bboEPR9G3gw,Paul George
https://www.youtube.com/watch?v=VV_aLU2k43s,Paul George
https://www.youtube.com/watch?v=5EhgQ6hU_QM,Paul George
https://www.youtube.com/watch?v=q8No-jhDVHA,Paul George
https://www.youtube.com/watch?v=br7gBN1eA24,Paul George
https://www.youtube.com/watch?v=zYYkRHwgwTA,Paul George
https://www.youtube.com/watch?v=_gB2cvlRHA8,Paul George
https://www.youtube.com/watch?v=SMkJUUQj0x4,Paul George
https://www.youtube.com/watch?v=WD-vih1wx2c,Paul George
https://www.youtube.com/watch?v=MGT8D-8tgxg,Paul George
https://www.youtube.com/watch?v=-7ueS7s5Xus,Paul George
https://www.youtube.com/watch?v=hCzqD8NcddM,Paul George
https://www.youtube.com/watch?v=_bP6XNP5G2g,Paul George
https://www.youtube.com/watch?v=51qiyv2IsNA,Paul George
https://www.youtube.com/watch?v=3L7ZwbPkLuA,Paul George
https://www.youtube.com/watch?v=OuZZZ8CN7WA,Paul George
https://www.youtube.com/watch?v=U9CFJvhvcvc,Paul George
https://www.youtube.com/watch?v=VSIMY65YEQU,Paul George
https://www.youtube.com/watch?v=_SKCY-rWgYA,Paul George
https://www.youtube.com/watch?v=Cdu6ETFjbPc,Paul George
https://www.youtube.com/watch?v=DAxiVOnHuuQ,Paul George
https://www.youtube.com/watch?v=-taKYALGI7c,Paul George
https://www.youtube.com/watch?v=24vEtHvTNDE,Paul George
https://www.youtube.com/watch?v=2AQgiN9ldbw,Paul George
https://www.youtube.com/watch?v=u2-RYv07yE0,Paul George
https://www.youtube.com/watch?v=8wzWN2A60lk,Paul George
https://www.youtube.com/watch?v=Au4A-37eAgg,Paul George
https://www.youtube.com/watch?v=qJ07kX13DjE,Paul George
https://www.youtube.com/watch?v=HMHDX6Er9nE,Paul George
https://www.youtube.com/watch?v=_Q9H4EeyCmk,Paul George
https://www.youtube.com/watch?v=2IBX1NSRQU4,Paul George
https://www.youtube.com/watch?v=HhNwM72lr7E,Paul George
https://www.youtube.com/watch?v=NsEXufFeG3g,Paul George
https://www.youtube.com/watch?v=a_cNYkcA_yw,Paul George
https://www.youtube.com/watch?v=2qgsC_BSCrU,Paul George
https://www.youtube.com/watch?v=4z108ZM4n88,Paul George
https://www.youtube.com/watch?v=trWW1si9tGo,Paul George
https://www.youtube.com/watch?v=NKuG3DZ72Ts,Paul George
https://www.youtube.com/watch?v=aUxa93-I1X0,Paul George
https://www.youtube.com/watch?v=RqXWquEkZ9I,Paul George
https://www.youtube.com/watch?v=722fFR5BOls,Paul George
https://www.youtube.com/watch?v=xyGjimE8mHU,Reggie Jackson
https://www.youtube.com/watch?v=CUE221I_CBg,Reggie Jackson
https://www.youtube.com/watch?v=8xTf4g0x67Q,Reggie Jackson
https://www.youtube.com/watch?v=l3BQ3077Ggc,Reggie Jackson
https://www.youtube.com/watch?v=YOo75w5iPsI,Reggie Jackson
https://www.youtube.com/watch?v=odigZaE6aX4,Reggie Jackson
https://www.youtube.com/watch?v=aWvuYR-_ing,Reggie Jackson
https://www.youtube.com/watch?v=B7LoN4YWoew,Reggie Jackson
https://www.youtube.com/watch?v=iPkpmUpM40Y,Reggie Jackson
https://www.youtube.com/watch?v=jJDWnCHxFlA,Reggie Jackson
https://www.youtube.com/watch?v=Qcw0iHGZ_CY,Reggie Jackson
https://www.youtube.com/watch?v=65g8eeJ0DQA,Reggie Jackson
https://www.youtube.com/watch?v=6Moeu4Q1WZ8,Reggie Jackson
https://www.youtube.com/watch?v=nwgBIzLovfk,Reggie Jackson
https://www.youtube.com/watch?v=8-wPGC_57lE,Reggie Jackson
https://www.youtube.com/watch?v=vYH8Tenskpc,Reggie Jackson
https://www.youtube.com/watch?v=fPXnr0tsaHI,Reggie Jackson
https://www.youtube.com/watch?v=NUi5RnGPjV8,Reggie Jackson
https://www.youtube.com/watch?v=yGdTXUA5nAY,Reggie Jackson
https://www.youtube.com/watch?v=NUj4Iy7oPrs,Reggie Jackson
https://www.youtube.com/watch?v=asCmm-PES4M,Reggie Jackson
https://www.youtube.com/watch?v=R-zi_bMZQSU,Reggie Jackson
https://www.youtube.com/watch?v=8NzlNsDC9oo,Reggie Jackson
https://www.youtube.com/watch?v=6AjKt9pRAgU,Reggie Jackson
https://www.youtube.com/watch?v=PUMuApjBT1w,Reggie Jackson
https://www.youtube.com/watch?v=8S7KAQLzCCA,Reggie Jackson
https://www.youtube.com/watch?v=R-oNVMKiblM,Reggie Jackson
https://www.youtube.com/watch?v=cPFbGJwSzmQ,Reggie Jackson
https://www.youtube.com/watch?v=8F1mtv5qUio,Reggie Jackson
https://www.youtube.com/watch?v=hMOJth0U8xg,Reggie Jackson
https://www.youtube.com/watch?v=Xn6OLynHFb0,Reggie Jackson
https://www.youtube.com/watch?v=duLsc-nBmh8,Reggie Jackson
https://www.youtube.com/watch?v=DabJ-KvM-Xs,Reggie Jackson
https://www.youtube.com/watch?v=cEgKLmGMGdg,Reggie Jackson
https://www.youtube.com/watch?v=aqSdlPnxMKc,Reggie Jackson
https://www.youtube.com/watch?v=kKzsFI-JA3M,Reggie Jackson
https://www.youtube.com/watch?v=F_vYr1qYIoM,Reggie Jackson
https://www.youtube.com/watch?v=niT1lFlsXLA,Reggie Jackson
https://www.youtube.com/watch?v=MM5MbOb4Pfk,Reggie Jackson
https://www.youtube.com/watch?v=bKI5EHe8r2I,Reggie Jackson
https://www.youtube.com/watch?v=85Y6AOJ0DJQ,Reggie Jackson
https://www.youtube.com/watch?v=Z7JLUctQ6lM,Reggie Jackson
https://www.youtube.com/watch?v=0NyV_nRWKdQ,Reggie Jackson
https://www.youtube.com/watch?v=7afjj8yzU2s,Reggie Jackson
https://www.youtube.com/watch?v=T-aLrQR4RvU,Reggie Jackson
https://www.youtube.com/watch?v=uSqw8m5HJH8,Reggie Jackson
https://www.youtube.com/watch?v=vTDzmtVW8ro,Reggie Jackson
https://www.youtube.com/watch?v=kCKd8PVMcGw,Reggie Jackson
https://www.youtube.com/watch?v=gh3Qs01k0Jo,Reggie Jackson
https://www.youtube.com/watch?v=t78-wIMRMoM,Reggie Jackson
https://www.youtube.com/watch?v=dy1z-FbsW0M,Reggie Jackson
https://www.youtube.com/watch?v=_7VSoTTYDVI,Reggie Jackson
https://www.youtube.com/watch?v=Kmq9Q2hxoBo,Reggie Jackson
https://www.youtube.com/watch?v=PWCrZ5YD6UU,Reggie Jackson
https://www.youtube.com/watch?v=hdpmZ4b3osk,Reggie Jackson
https://www.youtube.com/watch?v=TnWsxwy9-9I,Reggie Jackson
https://www.youtube.com/watch?v=9e-NQoMYfnY,Reggie Jackson
https://www.youtube.com/watch?v=yVp-fDkYP9I,Reggie Jackson
https://www.youtube.com/watch?v=L8RlUoqnjEc,Reggie Jackson
https://www.youtube.com/watch?v=tj4HgSG-kKY,Reggie Jackson
https://www.youtube.com/watch?v=EcoPLXQknQo,Reggie Jackson
https://www.youtube.com/watch?v=Ng0KqN8gT8U,Reggie Jackson
https://www.youtube.com/watch?v=bmOCv18sQg4,Reggie Jackson
https://www.youtube.com/watch?v=tF8KDu1Z7BA,Reggie Jackson
https://www.youtube.com/watch?v=cyyRiQpnt8Y,Reggie Jackson
https://www.youtube.com/watch?v=eoYsL3zt1-E,Reggie Jackson
https://www.youtube.com/watch?v=QnPqzB6igZc,Reggie Jackson
https://www.youtube.com/watch?v=fCpcuhpELEg,Reggie Jackson
https://www.youtube.com/watch?v=RteM-_5avn0,Russell Westbrook
https://www.youtube.com/watch?v=MNMHpzvhj-8,Russell Westbrook
https://www.youtube.com/watch?v=BUJqw8LizOA,Russell Westbrook
https://www.youtube.com/watch?v=iVoVV7YXFg4,Russell Westbrook
https://www.youtube.com/watch?v=93kxeNkoKyA,Russell Westbrook
https://www.youtube.com/watch?v=m0XDMoLKXDk,Russell Westbrook
https://www.youtube.com/watch?v=7lPQz9_OWsU,Russell Westbrook
https://www.youtube.com/watch?v=PX6vGImIB7w,Russell Westbrook
https://www.youtube.com/watch?v=0GmWUVNbLoM,Russell Westbrook
https://www.youtube.com/watch?v=aaxQNBQpU2c,Russell Westbrook
https://www.youtube.com/watch?v=Mn6d_awfvOM,Russell Westbrook
https://www.youtube.com/watch?v=JvcJm4SUC0s,Russell Westbrook
https://www.youtube.com/watch?v=XBpx39GWGDg,Russell Westbrook
https://www.youtube.com/watch?v=TQxI0eqFDz8,Russell Westbrook
https://www.youtube.com/watch?v=2tT7vdVdOzc,Russell Westbrook
https://www.youtube.com/watch?v=g48UnMnR2D8,Russell Westbrook
https://www.youtube.com/watch?v=QA_ZY9L2B4M,Russell Westbrook
https://www.youtube.com/watch?v=lCqgP3wRhRs,Russell Westbrook
https://www.youtube.com/watch?v=4luSYyRRAAY,Russell Westbrook
https://www.youtube.com/watch?v=0kxRLq2GknU,Russell Westbrook
https://www.youtube.com/watch?v=b2V2qV33_IY,Russell Westbrook
https://www.youtube.com/watch?v=OyRRxP6v7YM,Russell Westbrook
https://www.youtube.com/watch?v=DyfdKlJ8w4w,Russell Westbrook
https://www.youtube.com/watch?v=vwFGhpUyuuY,Russell Westbrook
https://www.youtube.com/watch?v=vEuDw74BA38,Russell Westbrook
https://www.youtube.com/watch?v=4wCKiXaYhtY,Russell Westbrook
https://www.youtube.com/watch?v=p5ofWnlyD6s,Russell Westbrook
https://www.youtube.com/watch?v=jh41H5iEau8,Russell Westbrook
https://www.youtube.com/watch?v=YZVgtAflVvM,Russell Westbrook
https://www.youtube.com/watch?v=MC0bwCsCeYc,Russell Westbrook
https://www.youtube.com/watch?v=pKn7B1mD-cQ,Russell Westbrook
https://www.youtube.com/watch?v=HHKe3CTwc1w,Russell Westbrook
https://www.youtube.com/watch?v=ibCF5xtEC0E,Russell Westbrook
https://www.youtube.com/watch?v=HyI4UTxnod0,Russell Westbrook
https://www.youtube.com/watch?v=SuTOtK0c2S0,Russell Westbrook
https://www.youtube.com/watch?v=72w2dB1d6_k,Russell Westbrook
https://www.youtube.com/watch?v=PN6mnJ9iT8w,Russell Westbrook
https://www.youtube.com/watch?v=QI_rt8hSJc8,Russell Westbrook
https://www.youtube.com/watch?v=PcKvAUa5NFQ,Russell Westbrook
https://www.youtube.com/watch?v=pNcNizwaTbk,Russell Westbrook
https://www.youtube.com/watch?v=hxJ1immo5kQ,Russell Westbrook
https://www.youtube.com/watch?v=W_BdJ-5kc0U,Russell Westbrook
https://www.youtube.com/watch?v=kSq0SVGZRn0,Russell Westbrook
https://www.youtube.com/watch?v=t_9QTbPFzNg,Russell Westbrook
https://www.youtube.com/watch?v=-_fAYHg4iCY,Russell Westbrook
https://www.youtube.com/watch?v=WTrta-k-25g,Russell Westbrook
https://www.youtube.com/watch?v=TfeJwOw-Zlg,Russell Westbrook
https://www.youtube.com/watch?v=TNU4fQM7j4s,Russell Westbrook
https://www.youtube.com/watch?v=xzpo_zdHMT8,Russell Westbrook
https://www.youtube.com/watch?v=gXEKBd_EG6g,Russell Westbrook
https://www.youtube.com/watch?v=LclBV7No2nE,Russell Westbrook
https://www.youtube.com/watch?v=EcLXwCKWArg,Russell Westbrook
https://www.youtube.com/watch?v=-NgkZUGHLb8,Russell Westbrook
https://www.youtube.com/watch?v=Hm8_y5b7kKg,Russell Westbrook
https://www.youtube.com/watch?v=UVXbP0MaQko,Russell Westbrook
https://www.youtube.com/watch?v=v7tXwY2rArQ,Russell Westbrook
https://www.youtube.com/watch?v=XFZW9p9tox0,Russell Westbrook
https://www.youtube.com/watch?v=ouVDphRcm3U,Russell Westbrook
https://www.youtube.com/watch?v=DqJUtRMmIgg,Russell Westbrook
https://www.youtube.com/watch?v=pkn9YP90cT8,Russell Westbrook
https://www.youtube.com/watch?v=NzZpG1YyOPo,Russell Westbrook
https://www.youtube.com/watch?v=1h6wCC6knPQ,Russell Westbrook
https://www.youtube.com/watch?v=CP6FG1FE8ko,Russell Westbrook
https://www.youtube.com/watch?v=cU8GGRvQxug,Russell Westbrook
https://www.youtube.com/watch?v=9cAsTkDX1AY,Russell Westbrook
https://www.youtube.com/watch?v=NXqbB6MKkgw,Russell Westbrook
https://www.youtube.com/watch?v=tpkoXPP39hs,Russell Westbrook
https://www.youtube.com/watch?v=wN3H6IVCfkc,Russell Westbrook
https://www.youtube.com/watch?v=ShgiIIXOGCM,Russell Westbrook
https://www.youtube.com/watch?v=juShOrhJYZU,Russell Westbrook
https://www.youtube.com/watch?v=30F1tKb3pvg,Russell Westbrook
https://www.youtube.com/watch?v=_wzUutTotrw,Russell Westbrook
https://www.youtube.com/watch?v=GRdOUHjdR9w,Russell Westbrook
https://www.youtube.com/watch?v=jDIVKysJZk4,Russell Westbrook
https://www.youtube.com/watch?v=yddr6lMA10g,Russell Westbrook
https://www.youtube.com/watch?v=hayrC1J3dl0,Russell Westbrook
https://www.youtube.com/watch?v=CRso-qZLwp8,Russell Westbrook
https://www.youtube.com/watch?v=9enlzfGftFY,Russell Westbrook
https://www.youtube.com/watch?v=X5eKF3qMUic,Russell Westbrook
https://www.youtube.com/watch?v=q-dqmJb67Ck,Russell Westbrook
https://www.youtube.com/watch?v=8o6Dnwf2xEk,Russell Westbrook
https://www.youtube.com/watch?v=9gL_UDFzDf8,Russell Westbrook
https://www.youtube.com/watch?v=4KXaMfI44VY,Steph Curry
https://www.youtube.com/watch?v=f1RiIDp1uSc,Steph Curry
https://www.youtube.com/watch?v=fUo-wYm-M9o,Steph Curry
https://www.youtube.com/watch?v=l1JPqXnw8SI,Steph Curry
https://www.youtube.com/watch?v=wdOn5JVgGR4,Steph Curry
https://www.youtube.com/watch?v=YbqIoJhdFCE,Steph Curry
https://www.youtube.com/watch?v=RGSG69xcJMk,Steph Curry
https://www.youtube.com/watch?v=8vnETfkLL3k,Steph Curry
https://www.youtube.com/watch?v=X7BDinBqb5Q,Steph Curry
https://www.youtube.com/watch?v=jTNI7BPlKJc,Steph Curry
https://www.youtube.com/watch?v=Fv9aZbkLIBc,Steph Curry
https://www.youtube.com/watch?v=MRxZdYqsfBQ,Steph Curry
https://www.youtube.com/watch?v=YBEmylsvf88,Steph Curry
https://www.youtube.com/watch?v=DnZ1tDupijg,Steph Curry
https://www.youtube.com/watch?v=l9BIR4i01Ew,Steph Curry
https://www.youtube.com/watch?v=rLyEF7wkjI4,Steph Curry
https://www.youtube.com/watch?v=gPhmCYHoxcc,Steph Curry
https://www.youtube.com/watch?v=52-MjziT7nU,Steph Curry
https://www.youtube.com/watch?v=2fR6q0Df6zA,Steph Curry
https://www.youtube.com/watch?v=-_d-SA9tNP0,Steph Curry
https://www.youtube.com/watch?v=w3tgJx1PIPk,Steph Curry
https://www.youtube.com/watch?v=YI2GVMB_Gas,Steph Curry
https://www.youtube.com/watch?v=zI4mwWDH64U,Steph Curry
https://www.youtube.com/watch?v=LjL1JmMYkqg,Steph Curry
https://www.youtube.com/watch?v=o7g2bIAU_tk,Steph Curry
https://www.youtube.com/watch?v=Ag1EU4-6zlE,Steph Curry
https://www.youtube.com/watch?v=KSkZAZ37RC0,Steph Curry
https://www.youtube.com/watch?v=PNWfxf-WOVA,Steph Curry
https://www.youtube.com/watch?v=8o7d4VL98V0,Steph Curry
https://www.youtube.com/watch?v=wFLkrGUrop4,Steph Curry
https://www.youtube.com/watch?v=oFMibFdPpAE,Steph Curry
https://www.youtube.com/watch?v=ufJvFxPLLog,Steph Curry
https://www.youtube.com/watch?v=3xfkmxYsX3w,Steph Curry
https://www.youtube.com/watch?v=GCAFj4EfaBI,Steph Curry
https://www.youtube.com/watch?v=eNxrgbb8FT8,Steph Curry
https://www.youtube.com/watch?v=IwDYks091kw,Steph Curry
https://www.youtube.com/watch?v=DKD4N60KFec,Steph Curry
https://www.youtube.com/watch?v=fJ23OMwiXxc,Steph Curry
https://www.youtube.com/watch?v=AKkjbSWWvYA,Steph Curry
https://www.youtube.com/watch?v=d2KnpUkWDU4,Steph Curry
https://www.youtube.com/watch?v=DpcHSQllgz4,Steph Curry
https://www.youtube.com/watch?v=QC1bG-8MOD0,Steph Curry
https://www.youtube.com/watch?v=S4dt6aB3Igw,Steph Curry
https://www.youtube.com/watch?v=lg9bL3L884U,Steph Curry
https://www.youtube.com/watch?v=wS6-7Dg1nbs,Steph Curry
https://www.youtube.com/watch?v=lOt7NQHRA38,Steph Curry
https://www.youtube.com/watch?v=f8mCx2ij3ug,Steph Curry
https://www.youtube.com/watch?v=S8alUeuIf2Q,Steph Curry
https://www.youtube.com/watch?v=MG6_f-vtGrM,Steph Curry
https://www.youtube.com/watch?v=zYhh1uNQ7RM,Steph Curry
https://www.youtube.com/watch?v=KtaQjnEi1Ac,Steph Curry
https://www.youtube.com/watch?v=_jqRZV8yli8,Steph Curry
https://www.youtube.com/watch?v=souS5RFJPoY,Steph Curry
https://www.youtube.com/watch?v=9BXYK7kilqs,Steph Curry
https://www.youtube.com/watch?v=0zoz8zBPtwE,Steph Curry
https://www.youtube.com/watch?v=avuEUB9WEk4,Steph Curry
https://www.youtube.com/watch?v=XrYI7HtuoRk,Steph Curry
https://www.youtube.com/watch?v=P0zWjaXmrTE,Steph Curry
https://www.youtube.com/watch?v=BqViRzJHQ84,Steph Curry
https://www.youtube.com/watch?v=Pq4KfuttCjo,Steph Curry
https://www.youtube.com/watch?v=lKV8YkCl3fU,Steph Curry
https://www.youtube.com/watch?v=qmJCH76_05M,Steph Curry
https://www.youtube.com/watch?v=7OKbD2JYFAk,Steph Curry
https://www.youtube.com/watch?v=Uhg2SXvSbps,Steph Curry
https://www.youtube.com/watch?v=drdyN5D-eCU,Steph Curry
https://www.youtube.com/watch?v=DjmRkroG_Bk,Steph Curry
https://www.youtube.com/watch?v=uMKZ-pKyKCg,Steph Curry
https://www.youtube.com/watch?v=Wy5oIqBj2Sk,Steph Curry
https://www.youtube.com/watch?v=LavfQhWsZm0,Steph Curry
https://www.youtube.com/watch?v=JEOfpG9hqVY,Steph Curry
https://www.youtube.com/watch?v=UlOSA5hL8FI,Steph Curry
https://www.youtube.com/watch?v=DxmNC5k7mws,Steph Curry
https://www.youtube.com/watch?v=cxDggmDg4H8,Steph Curry
https://www.youtube.com/watch?v=WS2U103iDzw,Steph Curry
https://www.youtube.com/watch?v=uxSAnp3vRNE,Steph Curry
https://www.youtube.com/watch?v=PlySBUqabDQ,Steph Curry
https://www.youtube.com/watch?v=TBIsOS9tXZo,Steph Curry
https://www.youtube.com/watch?v=xCR9J-r_bqg,Steph Curry
https://www.youtube.com/watch?v=10Wk2NoN7PQ,Steph Curry
https://www.youtube.com/watch?v=KEmKifdHZzU,Steph Curry
https://www.youtube.com/watch?v=_0bfqNNbPj0,Steph Curry
https://www.youtube.com/watch?v=9LpQbxFy5vw,Terance Mann
https://www.youtube.com/watch?v=NhWdIY2LRnQ,Terance Mann
https://www.youtube.com/watch?v=TGs4X8EvGk8,Terance Mann
https://www.youtube.com/watch?v=njfUKflbL0s,Terance Mann
https://www.youtube.com/watch?v=UOibRL2W6ZY,Terance Mann
https://www.youtube.com/watch?v=J-HVsSclato,Terance Mann
https://www.youtube.com/watch?v=s_D2L3d97Bw,Terance Mann
https://www.youtube.com/watch?v=f6Aas6tsBNI,Terance Mann
https://www.youtube.com/watch?v=KK0UF0YifgI,Terance Mann
https://www.youtube.com/watch?v=uMt5ZJ8_QI4,Terance Mann
https://www.youtube.com/watch?v=zlQbkFybFVM,Terance Mann
https://www.youtube.com/watch?v=0l-gE7yoafI,Terance Mann
https://www.youtube.com/watch?v=E7eSerzOn9g,Terance Mann
https://www.youtube.com/watch?v=Lgt_fNCyGCI,Terance Mann
https://www.youtube.com/watch?v=dQj-sfEhw_I,Terance Mann
https://www.youtube.com/watch?v=Ker2uySVmk4,Terance Mann
https://www.youtube.com/watch?v=RnB97RhcQVI,Terance Mann
https://www.youtube.com/watch?v=OVQmmMwljHY,Terance Mann
https://www.youtube.com/watch?v=z4T-B0vr7tY,Terance Mann
https://www.youtube.com/watch?v=xtGJ3iaLIf4,Terance Mann
https://www.youtube.com/watch?v=p26ih0bgfbE,Terance Mann
https://www.youtube.com/watch?v=aUMTV8z_yXA,Terance Mann
https://www.youtube.com/watch?v=0vVqoje8JW0,Terance Mann
https://www.youtube.com/watch?v=sMoFEIRKjCM,Terance Mann
https://www.youtube.com/watch?v=J661scb-oNg,Terance Mann
https://www.youtube.com/watch?v=gEFooRNRtA0,Terance Mann
https://www.youtube.com/watch?v=y6eHE0eeikk,Terance Mann
https://www.youtube.com/watch?v=wwF0Zlkd2A4,Terance Mann
https://www.youtube.com/watch?v=SdL5xYJ_ddA,Terance Mann
https://www.youtube.com/watch?v=BgKM75kw_pU,Terance Mann
https://www.youtube.com/watch?v=BElyZhLHkdw,Terance Mann
https://www.youtube.com/watch?v=20ezAnK0bZU,Terance Mann
https://www.youtube.com/watch?v=fCpFAl66HIw,Terance Mann
https://www.youtube.com/watch?v=bURbOitLptg,Terance Mann
https://www.youtube.com/watch?v=4oIuvUnSOqo,Terance Mann
https://www.youtube.com/watch?v=8XkQu0Jl7QA,Terance Mann
https://www.youtube.com/watch?v=jvyNuvaFmgU,Terance Mann
https://www.youtube.com/watch?v=9f278ROWHzc,Terance Mann
https://www.youtube.com/watch?v=qUttHD15mgQ,Terance Mann
https://www.youtube.com/watch?v=JcppDm0OeZA,Terance Mann
https://www.youtube.com/watch?v=9E_kVjioieM,Terance Mann
https://www.youtube.com/watch?v=OmS0zz_UinU,Terance Mann
https://www.youtube.com/watch?v=78C8oQUs0SU,Terance Mann
https://www.youtube.com/watch?v=EmzW3OtBWMA,Terance Mann
https://www.youtube.com/watch?v=EXIhhH7iKYc,Terance Mann